gender,avg_2009_readingScores,avg_2017_readingScores,readingScores_precentChange
Female,224.34676769999996,224.9204301,-0.573662396
Male,217.6064798,218.96578190000002,-1.35930209