gender,avg_2009_mathScores,avg_2017_mathScores,mathScores_precentChange
Female,238.69441969999997,238.59400019999998,0.10041951
Male,240.61764920000002,240.81240899999997,-0.194759756